Origin,Category,Hive,Key,Name,FriendlyName,Type,Value,ValueIsList,Exists,CSPLink
GroupPolicy,MicrosoftDefender,HKEY_LOCAL_MACHINE,Software\Policies\Microsoft\Windows\WTDS\Components,ServiceEnabled,Enhanced Phishing Protection,DWORD,1,false,true,https://learn.microsoft.com/en-us/windows/client-management/mdm/policy-csp-webthreatdefense#serviceenabled
GroupPolicy,MicrosoftDefender,HKEY_LOCAL_MACHINE,Software\Policies\Microsoft\Windows\WTDS\Components,NotifyUnsafeApp,Enhanced Phishing Protection: Notify Unsafe App,DWORD,1,false,true,https://learn.microsoft.com/en-us/windows/client-management/mdm/policy-csp-webthreatdefense#notifyunsafeapp
GroupPolicy,MicrosoftDefender,HKEY_LOCAL_MACHINE,Software\Policies\Microsoft\Windows\WTDS\Components,NotifyPasswordReuse,Enhanced Phishing Protection: Notify Password Reuse,DWORD,1,false,true,https://learn.microsoft.com/en-us/windows/client-management/mdm/policy-csp-webthreatdefense#notifypasswordreuse
GroupPolicy,MicrosoftDefender,HKEY_LOCAL_MACHINE,Software\Policies\Microsoft\Windows\WTDS\Components,NotifyMalicious,Enhanced Phishing Protection: Notify Malicious,DWORD,1,false,true,https://learn.microsoft.com/en-us/windows/client-management/mdm/policy-csp-webthreatdefense#notifymalicious
GroupPolicy,MicrosoftDefender,HKEY_LOCAL_MACHINE,Software\Policies\Microsoft\Windows\WTDS\Components,CaptureThreatWindow,Enhanced Phishing Protection: Capture Threat Window,DWORD,1,false,true,https://learn.microsoft.com/en-us/windows/client-management/mdm/policy-csp-webthreatdefense#automaticdatacollection
GroupPolicy,MicrosoftDefender,HKEY_LOCAL_MACHINE,Software\Policies\Microsoft\Windows Defender\Quarantine,PurgeItemsAfterDelay,Purge Items After Delay,DWORD,1,false,true,https://learn.microsoft.com/en-us/windows/client-management/mdm/policy-csp-admx-microsoftdefenderantivirus#quarantine_purgeitemsafterdelay
GroupPolicy,MicrosoftDefender,HKEY_LOCAL_MACHINE,Software\Policies\Microsoft\Windows Defender\Real-Time Protection,IOAVMaxSize,Maximum size of downloaded files and attachments to be scanned,DWORD,10000000,false,true,https://learn.microsoft.com/en-us/windows/client-management/mdm/policy-csp-admx-microsoftdefenderantivirus#realtimeprotection_ioavmaxsize
GroupPolicy,MicrosoftDefender,HKEY_LOCAL_MACHINE,Software\Policies\Microsoft\Windows Defender\Scan,DisableScanningMappedNetworkDrivesForFullScan,Scanning Mapped Network Drives For Full Scan,DWORD,0,false,true,https://learn.microsoft.com/en-us/windows/client-management/mdm/policy-csp-defender#allowfullscanonmappednetworkdrives
GroupPolicy,MicrosoftDefender,HKEY_LOCAL_MACHINE,Software\Policies\Microsoft\Windows Defender\Scan,DisableScanningNetworkFiles,Scanning Network Files,DWORD,0,false,true,https://learn.microsoft.com/en-us/windows/client-management/mdm/policy-csp-defender#allowscanningnetworkfiles
GroupPolicy,MicrosoftDefender,HKEY_LOCAL_MACHINE,Software\Policies\Microsoft\Windows Defender\Scan,DisableRemovableDriveScanning,Removable Drive Scanning,DWORD,0,false,true,https://learn.microsoft.com/en-us/windows/client-management/mdm/policy-csp-defender#allowfullscanremovabledrivescanning
GroupPolicy,MicrosoftDefender,HKEY_LOCAL_MACHINE,Software\Policies\Microsoft\Windows Defender\Scan,DisableReparsePointScanning,Reparse Point Scanning,DWORD,0,false,true,https://learn.microsoft.com/en-us/windows/client-management/mdm/policy-csp-admx-microsoftdefenderantivirus#scan_disablereparsepointscanning
GroupPolicy,MicrosoftDefender,HKEY_LOCAL_MACHINE,Software\Policies\Microsoft\Windows Defender\Scan,ArchiveMaxDepth,Maximum depth to scan archive files,DWORD,"4294967295,2147483647",true,true,https://learn.microsoft.com/en-us/windows/client-management/mdm/policy-csp-admx-microsoftdefenderantivirus#scan_archivemaxdepth
GroupPolicy,MicrosoftDefender,HKEY_LOCAL_MACHINE,Software\Policies\Microsoft\Windows Defender\Signature Updates,UpdateOnStartUp,Check for the latest virus and spyware security intelligence on startup,DWORD,1,false,true,https://learn.microsoft.com/en-us/windows/client-management/mdm/policy-csp-admx-microsoftdefenderantivirus#signatureupdate_updateonstartup
GroupPolicy,MicrosoftDefender,HKEY_LOCAL_MACHINE,Software\Policies\Microsoft\Windows Defender\Signature Updates,AVSignatureDue,Define the number of days before virus security intelligence is considered out of date,DWORD,2,false,true,https://learn.microsoft.com/en-us/windows/client-management/mdm/policy-csp-admx-microsoftdefenderantivirus#signatureupdate_avsignaturedue
GroupPolicy,MicrosoftDefender,HKEY_LOCAL_MACHINE,Software\Policies\Microsoft\Windows Defender\Signature Updates,ASSignatureDue,Define the number of days before spyware security intelligence is considered out of date,DWORD,2,false,true,https://learn.microsoft.com/en-us/windows/client-management/mdm/policy-csp-admx-microsoftdefenderantivirus#signatureupdate_assignaturedue
GroupPolicy,MicrosoftDefender,HKEY_LOCAL_MACHINE,Software\Policies\Microsoft\Windows Defender\Spynet,DisableBlockAtFirstSeen,Block At First Sight,DWORD,0,false,true,https://learn.microsoft.com/en-us/windows/client-management/mdm/policy-csp-admx-microsoftdefenderantivirus#disableblockatfirstseen
GroupPolicy,MicrosoftDefender,HKEY_LOCAL_MACHINE,Software\Policies\Microsoft\Windows\DataCollection,AllowTelemetry,Optional Diagnostic Data Required for Smart App Control etc.,DWORD,3,false,true,https://learn.microsoft.com/en-us/windows/client-management/mdm/policy-csp-system#allowtelemetry
GroupPolicy,MicrosoftDefender,HKEY_LOCAL_MACHINE,Software\Policies\Microsoft\Windows\DataCollection,DisableTelemetryOptInSettingsUx,Configure diagnostic data opt-in settings user interface,DWORD,1,false,true,https://learn.microsoft.com/en-us/windows/client-management/mdm/policy-csp-system#configuretelemetryoptinsettingsux
GroupPolicy,MicrosoftDefender,HKEY_LOCAL_MACHINE,Software\Policies\Microsoft\Windows Defender\Threats\ThreatSeverityDefaultAction,5,Severe Threat level default action = Remove,String,3,false,true,https://learn.microsoft.com/en-us/windows/client-management/mdm/policy-csp-defender#threatseveritydefaultaction
GroupPolicy,MicrosoftDefender,HKEY_LOCAL_MACHINE,Software\Policies\Microsoft\Windows Defender\Threats\ThreatSeverityDefaultAction,4,High Threat level default action = Remove,String,3,false,true,https://learn.microsoft.com/en-us/windows/client-management/mdm/policy-csp-defender#threatseveritydefaultaction
GroupPolicy,MicrosoftDefender,HKEY_LOCAL_MACHINE,Software\Policies\Microsoft\Windows Defender\Threats\ThreatSeverityDefaultAction,2,Moderate Threat level default action = Quarantine,String,2,false,true,https://learn.microsoft.com/en-us/windows/client-management/mdm/policy-csp-defender#threatseveritydefaultaction
GroupPolicy,MicrosoftDefender,HKEY_LOCAL_MACHINE,Software\Policies\Microsoft\Windows Defender\Threats\ThreatSeverityDefaultAction,1,Low Threat level default action = Quarantine,String,2,false,true,https://learn.microsoft.com/en-us/windows/client-management/mdm/policy-csp-defender#threatseveritydefaultaction
GroupPolicy,BitLockerSettings,HKEY_LOCAL_MACHINE,Software\Policies\Microsoft\FVE,DisallowStandardUserPINReset,Disallow Standard User PIN Reset,DWORD,1,false,true,https://learn.microsoft.com/en-us/windows/client-management/mdm/bitlocker-csp#systemdrivesdisallowstandarduserscanchangepin
GroupPolicy,BitLockerSettings,HKEY_LOCAL_MACHINE,Software\Policies\Microsoft\FVE,UseAdvancedStartup,Require additional authentication at startup,DWORD,1,false,true,https://learn.microsoft.com/en-us/windows/client-management/mdm/bitlocker-csp#systemdrivesrequirestartupauthentication
GroupPolicy,BitLockerSettings,HKEY_LOCAL_MACHINE,Software\Policies\Microsoft\FVE,EnableBDEWithNoTPM,Don't allow Bitlocker without TPM,DWORD,0,false,true,https://learn.microsoft.com/en-us/windows/client-management/mdm/bitlocker-csp#systemdrivesrequirestartupauthentication
GroupPolicy,BitLockerSettings,HKEY_LOCAL_MACHINE,Software\Policies\Microsoft\FVE,UseTPM,Don't Allow using TPM alone,DWORD,0,false,true,https://learn.microsoft.com/en-us/windows/client-management/mdm/bitlocker-csp#systemdrivesrequirestartupauthentication
GroupPolicy,BitLockerSettings,HKEY_LOCAL_MACHINE,Software\Policies\Microsoft\FVE,UseTPMPIN,Allow using TPM + PIN,DWORD,2,false,true,https://learn.microsoft.com/en-us/windows/client-management/mdm/bitlocker-csp#systemdrivesrequirestartupauthentication
GroupPolicy,BitLockerSettings,HKEY_LOCAL_MACHINE,Software\Policies\Microsoft\FVE,UseTPMKey,Allow using TPM + key,DWORD,2,false,true,https://learn.microsoft.com/en-us/windows/client-management/mdm/bitlocker-csp#systemdrivesrequirestartupauthentication
GroupPolicy,BitLockerSettings,HKEY_LOCAL_MACHINE,Software\Policies\Microsoft\FVE,UseTPMKeyPIN,Allow using TPM + Startup Key + PIN,DWORD,2,false,true,https://learn.microsoft.com/en-us/windows/client-management/mdm/bitlocker-csp#systemdrivesrequirestartupauthentication
GroupPolicy,BitLockerSettings,HKEY_LOCAL_MACHINE,Software\Policies\Microsoft\FVE,EncryptionMethodWithXtsOs,Correct Encryption method for OS drive,DWORD,7,false,true,https://learn.microsoft.com/en-us/windows/client-management/mdm/bitlocker-csp#encryptionmethodbydrivetype
GroupPolicy,BitLockerSettings,HKEY_LOCAL_MACHINE,Software\Policies\Microsoft\FVE,EncryptionMethodWithXtsFdv,Correct Encryption method for fixed data drives,DWORD,7,false,true,https://learn.microsoft.com/en-us/windows/client-management/mdm/bitlocker-csp#encryptionmethodbydrivetype
GroupPolicy,BitLockerSettings,HKEY_LOCAL_MACHINE,Software\Policies\Microsoft\FVE,EncryptionMethodWithXtsRdv,Correct Encryption method for removable drives,DWORD,7,false,true,https://learn.microsoft.com/en-us/windows/client-management/mdm/bitlocker-csp#encryptionmethodbydrivetype
GroupPolicy,BitLockerSettings,HKEY_LOCAL_MACHINE,Software\Policies\Microsoft\FVE,UseEnhancedPin,Use Enhanced PIN,DWORD,1,false,true,https://learn.microsoft.com/en-us/windows/client-management/mdm/bitlocker-csp#systemdrivesenhancedpin
GroupPolicy,BitLockerSettings,HKEY_LOCAL_MACHINE,Software\Policies\Microsoft\FVE,OSEncryptionType,Full disk encryption for OS drive,DWORD,1,false,true,https://learn.microsoft.com/en-us/windows/client-management/mdm/bitlocker-csp#systemdrivesencryptiontype
GroupPolicy,BitLockerSettings,HKEY_LOCAL_MACHINE,Software\Policies\Microsoft\FVE,RDVEncryptionType,Full disk encryption for removable drives,DWORD,1,false,true,https://learn.microsoft.com/en-us/windows/client-management/mdm/bitlocker-csp#removabledrivesencryptiontype
GroupPolicy,BitLockerSettings,HKEY_LOCAL_MACHINE,Software\Policies\Microsoft\FVE,RDVDiscoveryVolumeType,Prevent access to BitLocker-protected removable data drives from earlier versions of Windows,String,<none>,false,true,
GroupPolicy,BitLockerSettings,HKEY_LOCAL_MACHINE,Software\Policies\Microsoft\FVE,RDVNoBitLockerToGoReader,Do not install BitLocker To Go Reader on FAT formatted removable drives,DWORD,0,false,true,
GroupPolicy,BitLockerSettings,HKEY_LOCAL_MACHINE,Software\Policies\Microsoft\FVE,MinimumPIN,Configure minimum PIN length for startup,DWORD,10,false,true,https://learn.microsoft.com/en-us/windows/client-management/mdm/bitlocker-csp#systemdrivesminimumpinlength
GroupPolicy,BitLockerSettings,HKEY_LOCAL_MACHINE,Software\Policies\Microsoft\Power\PowerSettings\abfc2519-3608-4c2a-94ea-171b0ed546ab,ACSettingIndex,Disallow standby states (S1-S3) when sleeping (plugged in),DWORD,0,false,true,https://learn.microsoft.com/en-us/windows/client-management/mdm/policy-csp-power#allowstandbywhensleepingpluggedin
GroupPolicy,BitLockerSettings,HKEY_LOCAL_MACHINE,Software\Policies\Microsoft\Power\PowerSettings\abfc2519-3608-4c2a-94ea-171b0ed546ab,DCSettingIndex,Disallow standby states (S1-S3) when sleeping (on battery),DWORD,0,false,true,https://learn.microsoft.com/en-us/windows/client-management/mdm/policy-csp-power#allowstandbystateswhensleepingonbattery
GroupPolicy,BitLockerSettings,HKEY_LOCAL_MACHINE,Software\Policies\Microsoft\Windows\Explorer,ShowHibernateOption,Show Hibernate Option,DWORD,1,false,true,https://learn.microsoft.com/en-us/windows/client-management/mdm/policy-csp-admx-windowsexplorer#showhibernateoption
GroupPolicy,TLSSecurity,HKEY_LOCAL_MACHINE,SOFTWARE\Policies\Microsoft\Cryptography\Configuration\SSL\00010002,Functions,Configure the correct TLS Cipher Suites,String,"TLS_CHACHA20_POLY1305_SHA256,TLS_AES_256_GCM_SHA384,TLS_AES_128_GCM_SHA256,TLS_ECDHE_ECDSA_WITH_AES_256_GCM_SHA384,TLS_ECDHE_ECDSA_WITH_AES_128_GCM_SHA256,TLS_ECDHE_RSA_WITH_AES_256_GCM_SHA384,TLS_ECDHE_RSA_WITH_AES_128_GCM_SHA256,TLS_DHE_RSA_WITH_AES_256_GCM_SHA384,TLS_DHE_RSA_WITH_AES_128_GCM_SHA256",false,true,https://learn.microsoft.com/en-us/windows/client-management/mdm/policy-csp-cryptography#tlsciphersuites
RegistryKeys,TLSSecurity,HKEY_LOCAL_MACHINE,SYSTEM\CurrentControlSet\Control\SecurityProviders\SCHANNEL\Protocols\TLS 1.0\Client,DisabledByDefault,Disable TLS 1.0 client - Disabled By Default,DWORD,1,false,true,https://learn.microsoft.com/en-us/windows/client-management/mdm/policy-csp-cryptography#overrideminimumenabledtlsversionclient
RegistryKeys,TLSSecurity,HKEY_LOCAL_MACHINE,SYSTEM\CurrentControlSet\Control\SecurityProviders\SCHANNEL\Protocols\TLS 1.0\Client,Enabled,Disable TLS 1.0 client - Enabled,DWORD,0,false,true,https://learn.microsoft.com/en-us/windows/client-management/mdm/policy-csp-cryptography#overrideminimumenabledtlsversionclient
RegistryKeys,TLSSecurity,HKEY_LOCAL_MACHINE,SYSTEM\CurrentControlSet\Control\SecurityProviders\SCHANNEL\Protocols\TLS 1.0\Server,DisabledByDefault,Disable TLS 1.0 server - Disabled By Default,DWORD,1,false,true,https://learn.microsoft.com/en-us/windows/client-management/mdm/policy-csp-cryptography#overrideminimumenabledtlsversionserver
RegistryKeys,TLSSecurity,HKEY_LOCAL_MACHINE,SYSTEM\CurrentControlSet\Control\SecurityProviders\SCHANNEL\Protocols\TLS 1.0\Server,Enabled,Disable TLS 1.0 server - Enabled,DWORD,0,false,true,https://learn.microsoft.com/en-us/windows/client-management/mdm/policy-csp-cryptography#overrideminimumenabledtlsversionserver
RegistryKeys,TLSSecurity,HKEY_LOCAL_MACHINE,SYSTEM\CurrentControlSet\Control\SecurityProviders\SCHANNEL\Protocols\TLS 1.1\Client,DisabledByDefault,Disable TLS 1.1 client - Disabled By Default,DWORD,1,false,true,https://learn.microsoft.com/en-us/windows/client-management/mdm/policy-csp-cryptography#overrideminimumenabledtlsversionclient
RegistryKeys,TLSSecurity,HKEY_LOCAL_MACHINE,SYSTEM\CurrentControlSet\Control\SecurityProviders\SCHANNEL\Protocols\TLS 1.1\Client,Enabled,Disable TLS 1.1 client - Enabled,DWORD,0,false,true,https://learn.microsoft.com/en-us/windows/client-management/mdm/policy-csp-cryptography#overrideminimumenabledtlsversionclient
RegistryKeys,TLSSecurity,HKEY_LOCAL_MACHINE,SYSTEM\CurrentControlSet\Control\SecurityProviders\SCHANNEL\Protocols\TLS 1.1\Server,DisabledByDefault,Disable TLS 1.1 server - Disabled By Default,DWORD,1,false,true,https://learn.microsoft.com/en-us/windows/client-management/mdm/policy-csp-cryptography#overrideminimumenabledtlsversionserver
RegistryKeys,TLSSecurity,HKEY_LOCAL_MACHINE,SYSTEM\CurrentControlSet\Control\SecurityProviders\SCHANNEL\Protocols\TLS 1.1\Server,Enabled,Disable TLS 1.1 server - Enabled,DWORD,0,false,true,https://learn.microsoft.com/en-us/windows/client-management/mdm/policy-csp-cryptography#overrideminimumenabledtlsversionserver
RegistryKeys,TLSSecurity,HKEY_LOCAL_MACHINE,SYSTEM\CurrentControlSet\Control\SecurityProviders\SCHANNEL\Ciphers\NULL\,Enabled,Disable NULL Cipher Suite,DWORD,0,false,true,
RegistryKeys,TLSSecurity,HKEY_LOCAL_MACHINE,SYSTEM\CurrentControlSet\Control\SecurityProviders\SCHANNEL\Ciphers\DES 56/56,Enabled,Disable 56/56 Cipher Suite,DWORD,0,false,true,
RegistryKeys,TLSSecurity,HKEY_LOCAL_MACHINE,SYSTEM\CurrentControlSet\Control\SecurityProviders\SCHANNEL\Ciphers\RC2 40/128,Enabled,Disable 40/128 Cipher Suite,DWORD,0,false,true,
RegistryKeys,TLSSecurity,HKEY_LOCAL_MACHINE,SYSTEM\CurrentControlSet\Control\SecurityProviders\SCHANNEL\Ciphers\RC2 56/128,Enabled,Disable RC2 56/128 Cipher Suite,DWORD,0,false,true,
RegistryKeys,TLSSecurity,HKEY_LOCAL_MACHINE,SYSTEM\CurrentControlSet\Control\SecurityProviders\SCHANNEL\Ciphers\RC2 128/128,Enabled,Disable RC2 128/128 Cipher Suite,DWORD,0,false,true,
RegistryKeys,TLSSecurity,HKEY_LOCAL_MACHINE,SYSTEM\CurrentControlSet\Control\SecurityProviders\SCHANNEL\Ciphers\RC4 40/128,Enabled,Disable RC4 40/128 Cipher Suite,DWORD,0,false,true,
RegistryKeys,TLSSecurity,HKEY_LOCAL_MACHINE,SYSTEM\CurrentControlSet\Control\SecurityProviders\SCHANNEL\Ciphers\RC4 56/128,Enabled,Disable RC4 56/128 Cipher Suite,DWORD,0,false,true,
RegistryKeys,TLSSecurity,HKEY_LOCAL_MACHINE,SYSTEM\CurrentControlSet\Control\SecurityProviders\SCHANNEL\Ciphers\RC4 64/128,Enabled,Disable RC4 64/128 Cipher Suite,DWORD,0,false,true,
RegistryKeys,TLSSecurity,HKEY_LOCAL_MACHINE,SYSTEM\CurrentControlSet\Control\SecurityProviders\SCHANNEL\Ciphers\RC4 128/128,Enabled,Disable RC4 128/128 Cipher Suite,DWORD,0,false,true,
RegistryKeys,TLSSecurity,HKEY_LOCAL_MACHINE,SYSTEM\CurrentControlSet\Control\SecurityProviders\SCHANNEL\Ciphers\Triple DES 168,Enabled,Disable Triple DES 168 Cipher Suite,DWORD,0,false,true,
RegistryKeys,TLSSecurity,HKEY_LOCAL_MACHINE,SYSTEM\CurrentControlSet\Control\SecurityProviders\SCHANNEL\Hashes\MD5,Enabled,Disable MD5 Hashing Algorithm,DWORD,0,false,true,
GroupPolicy,LockScreen,HKEY_LOCAL_MACHINE,Software\Policies\Microsoft\PassportForWork\PINComplexity,Digits,Require digits in Windows Hello PIN,DWORD,1,false,true,https://learn.microsoft.com/en-us/windows/client-management/mdm/passportforwork-csp#devicetenantidpoliciespincomplexitydigits
GroupPolicy,LockScreen,HKEY_LOCAL_MACHINE,Software\Policies\Microsoft\PassportForWork\PINComplexity,LowercaseLetters,Require lower case letters in Windows Hello PIN,DWORD,1,false,true,https://learn.microsoft.com/en-us/windows/client-management/mdm/passportforwork-csp#devicetenantidpoliciespincomplexitylowercaseletters
GroupPolicy,LockScreen,HKEY_LOCAL_MACHINE,Software\Policies\Microsoft\PassportForWork\PINComplexity,Expiration,Set Expiration for Windows Hello PIN,DWORD,180,false,true,https://learn.microsoft.com/en-us/windows/client-management/mdm/passportforwork-csp#devicetenantidpoliciespincomplexityexpiration
GroupPolicy,LockScreen,HKEY_LOCAL_MACHINE,Software\Policies\Microsoft\PassportForWork\PINComplexity,History,Save history of Windows Hello PIN,DWORD,1,false,true,https://learn.microsoft.com/en-us/windows/client-management/mdm/passportforwork-csp#devicetenantidpoliciespincomplexityhistory
GroupPolicy,LockScreen,HKEY_LOCAL_MACHINE,Software\Policies\Microsoft\Windows\System,DontDisplayNetworkSelectionUI,Don't Display Network Selection UI on lock screen,DWORD,1,false,true,https://learn.microsoft.com/en-us/windows/client-management/mdm/policy-csp-windowslogon#dontdisplaynetworkselectionui
GroupPolicy,UserAccountControl,HKEY_LOCAL_MACHINE,Software\Microsoft\Windows\CurrentVersion\Policies\System,HideFastUserSwitching,Hide Fast User Switching entry points,DWORD,1,false,true,https://learn.microsoft.com/en-us/windows/client-management/mdm/policy-csp-windowslogon#hidefastuserswitching
GroupPolicy,DeviceGuard,HKEY_LOCAL_MACHINE,SOFTWARE\Policies\Microsoft\Windows\DeviceGuard,EnableVirtualizationBasedSecurity,Enable Virtualization Based Security,DWORD,1,false,true,https://learn.microsoft.com/en-us/windows/client-management/mdm/policy-csp-deviceguard?WT.mc_id=Portal-fx#enablevirtualizationbasedsecurity
GroupPolicy,DeviceGuard,HKEY_LOCAL_MACHINE,SOFTWARE\Policies\Microsoft\Windows\DeviceGuard,RequirePlatformSecurityFeatures,Require Platform Security Features,DWORD,1,false,true,https://learn.microsoft.com/en-us/windows/client-management/mdm/policy-csp-deviceguard?WT.mc_id=Portal-fx#requireplatformsecurityfeatures
GroupPolicy,DeviceGuard,HKEY_LOCAL_MACHINE,SOFTWARE\Policies\Microsoft\Windows\DeviceGuard,HypervisorEnforcedCodeIntegrity,Hypervisor Enforced Code Integrity - UEFI Lock,DWORD,1,false,true,https://learn.microsoft.com/en-us/windows/client-management/mdm/policy-csp-VirtualizationBasedTechnology?WT.mc_id=Portal-fx#hypervisorenforcedcodeintegrity
GroupPolicy,DeviceGuard,HKEY_LOCAL_MACHINE,SOFTWARE\Policies\Microsoft\Windows\DeviceGuard,HVCIMATRequired,Require HVCI MAT (Memory Attribute Table),DWORD,1,false,true,https://learn.microsoft.com/en-us/windows/client-management/mdm/policy-csp-VirtualizationBasedTechnology?WT.mc_id=Portal-fx#requireuefimemoryattributestable
GroupPolicy,DeviceGuard,HKEY_LOCAL_MACHINE,SOFTWARE\Policies\Microsoft\Windows\DeviceGuard,LsaCfgFlags,Credential Guard Configuration - UEFI Lock,DWORD,1,false,true,https://learn.microsoft.com/en-us/windows/client-management/mdm/policy-csp-deviceguard?WT.mc_id=Portal-fx#lsacfgflags
GroupPolicy,DeviceGuard,HKEY_LOCAL_MACHINE,SOFTWARE\Policies\Microsoft\Windows\DeviceGuard,ConfigureSystemGuardLaunch,System Guard Launch,DWORD,1,false,true,https://learn.microsoft.com/en-us/windows/client-management/mdm/policy-csp-deviceguard?WT.mc_id=Portal-fx#configuresystemguardlaunch
GroupPolicy,DeviceGuard,HKEY_LOCAL_MACHINE,SOFTWARE\Policies\Microsoft\Windows\DeviceGuard,ConfigureKernelShadowStacksLaunch,Configure Kernel Shadow Stacks Launch,DWORD,1,false,true,
GroupPolicy,DeviceGuard,HKEY_LOCAL_MACHINE,SYSTEM\CurrentControlSet\Control\Lsa,RunAsPPL,Enable Local Security Authority (LSA) process Protection with UEFI Lock,DWORD,1,false,true,https://learn.microsoft.com/en-us/windows/client-management/mdm/policy-csp-lsa#configurelsaprotectedprocess
GroupPolicy,DeviceGuard,HKEY_LOCAL_MACHINE,SOFTWARE\Policies\Microsoft\Windows\DeviceGuard,MachineIdentityIsolation,Configure Machine Identity Isolation Configuration,DWORD,2,false,true,
RegistryKeys,DeviceGuard,HKEY_LOCAL_MACHINE,SYSTEM\CurrentControlSet\Control\DeviceGuard,Mandatory,Enable VBS and Memory Integrity in Mandatory Mode,DWORD,1,false,true,https://learn.microsoft.com/en-us/windows/security/hardware-security/enable-virtualization-based-protection-of-code-integrity?tabs=reg
GroupPolicy,WindowsFirewall,HKEY_LOCAL_MACHINE,SOFTWARE\Policies\Microsoft\WindowsFirewall\DomainProfile,EnableFirewall,Enable Windows Firewall for Domain profile,DWORD,1,false,true,https://learn.microsoft.com/en-us/windows/client-management/mdm/firewall-csp#mdmstoredomainprofileenablefirewall
GroupPolicy,WindowsFirewall,HKEY_LOCAL_MACHINE,SOFTWARE\Policies\Microsoft\WindowsFirewall\DomainProfile,DefaultOutboundAction,Set Default Outbound Action for Domain profile,DWORD,0,false,true,https://learn.microsoft.com/en-us/windows/client-management/mdm/firewall-csp#mdmstoredomainprofiledefaultoutboundaction
GroupPolicy,WindowsFirewall,HKEY_LOCAL_MACHINE,SOFTWARE\Policies\Microsoft\WindowsFirewall\DomainProfile,DefaultInboundAction,Set Default Inbound Action for Domain profile,DWORD,1,false,true,https://learn.microsoft.com/en-us/windows/client-management/mdm/firewall-csp#mdmstoredomainprofiledefaultinboundaction
GroupPolicy,WindowsFirewall,HKEY_LOCAL_MACHINE,SOFTWARE\Policies\Microsoft\WindowsFirewall\DomainProfile,DisableNotifications,Display notifications for Domain profile,DWORD,0,false,true,https://learn.microsoft.com/en-us/windows/client-management/mdm/firewall-csp#mdmstoredomainprofiledisableinboundnotifications
GroupPolicy,WindowsFirewall,HKEY_LOCAL_MACHINE,SOFTWARE\Policies\Microsoft\WindowsFirewall\DomainProfile\Logging,LogFilePath,Configure Log file path for domain profile,String,%systemroot%\system32\logfiles\firewall\domainfirewall.log,false,true,https://learn.microsoft.com/en-us/windows/client-management/mdm/firewall-csp#mdmstoredomainprofilelogfilepath
GroupPolicy,WindowsFirewall,HKEY_LOCAL_MACHINE,SOFTWARE\Policies\Microsoft\WindowsFirewall\DomainProfile\Logging,LogFileSize,Configure Log file size for domain profile,DWORD,32767,false,true,https://learn.microsoft.com/en-us/windows/client-management/mdm/firewall-csp#mdmstoredomainprofilelogmaxfilesize
GroupPolicy,WindowsFirewall,HKEY_LOCAL_MACHINE,SOFTWARE\Policies\Microsoft\WindowsFirewall\DomainProfile\Logging,LogDroppedPackets,Log blocked connections for domain profile,DWORD,1,false,true,https://learn.microsoft.com/en-us/windows/client-management/mdm/firewall-csp#mdmstoredomainprofileenablelogdroppedpackets
GroupPolicy,WindowsFirewall,HKEY_LOCAL_MACHINE,SOFTWARE\Policies\Microsoft\WindowsFirewall\DomainProfile\Logging,LogSuccessfulConnections,Log successful connections for domain profile,DWORD,1,false,true,https://learn.microsoft.com/en-us/windows/client-management/mdm/firewall-csp#mdmstoredomainprofileenablelogsuccessconnections
GroupPolicy,WindowsFirewall,HKEY_LOCAL_MACHINE,SOFTWARE\Policies\Microsoft\WindowsFirewall\PrivateProfile,EnableFirewall,Enable Windows Firewall for Private profile,DWORD,1,false,true,https://learn.microsoft.com/en-us/windows/client-management/mdm/firewall-csp#mdmstoreprivateprofileenablefirewall
GroupPolicy,WindowsFirewall,HKEY_LOCAL_MACHINE,SOFTWARE\Policies\Microsoft\WindowsFirewall\PrivateProfile,DisableNotifications,Display notifications for Private profile,DWORD,0,false,true,https://learn.microsoft.com/en-us/windows/client-management/mdm/firewall-csp#mdmstoreprivateprofiledisableinboundnotifications
GroupPolicy,WindowsFirewall,HKEY_LOCAL_MACHINE,SOFTWARE\Policies\Microsoft\WindowsFirewall\PrivateProfile\Logging,LogFileSize,Configure Log file size for Private profile,DWORD,32767,false,true,https://learn.microsoft.com/en-us/windows/client-management/mdm/firewall-csp#mdmstoreprivateprofilelogmaxfilesize
GroupPolicy,WindowsFirewall,HKEY_LOCAL_MACHINE,SOFTWARE\Policies\Microsoft\WindowsFirewall\PrivateProfile\Logging,LogDroppedPackets,Log blocked connections for Private profile,DWORD,1,false,true,https://learn.microsoft.com/en-us/windows/client-management/mdm/firewall-csp#mdmstoreprivateprofileenablelogdroppedpackets
GroupPolicy,WindowsFirewall,HKEY_LOCAL_MACHINE,SOFTWARE\Policies\Microsoft\WindowsFirewall\PrivateProfile\Logging,LogFilePath,Configure Log file path for Private profile,String,%systemroot%\system32\logfiles\firewall\privatefirewall.log,false,true,https://learn.microsoft.com/en-us/windows/client-management/mdm/firewall-csp#mdmstoreprivateprofilelogfilepath
GroupPolicy,WindowsFirewall,HKEY_LOCAL_MACHINE,SOFTWARE\Policies\Microsoft\WindowsFirewall\PublicProfile,EnableFirewall,Enable Windows Firewall for Public profile,DWORD,1,false,true,https://learn.microsoft.com/en-us/windows/client-management/mdm/firewall-csp#mdmstorepublicprofileenablefirewall
GroupPolicy,WindowsFirewall,HKEY_LOCAL_MACHINE,SOFTWARE\Policies\Microsoft\WindowsFirewall\PublicProfile,DisableNotifications,Display notifications for Public profile,DWORD,0,false,true,https://learn.microsoft.com/en-us/windows/client-management/mdm/firewall-csp#mdmstorepublicprofiledisableinboundnotifications
GroupPolicy,WindowsFirewall,HKEY_LOCAL_MACHINE,SOFTWARE\Policies\Microsoft\WindowsFirewall\PublicProfile\Logging,LogFileSize,Configure Log file size for Public profile,DWORD,32767,false,true,https://learn.microsoft.com/en-us/windows/client-management/mdm/firewall-csp#mdmstorepublicprofilelogmaxfilesize
GroupPolicy,WindowsFirewall,HKEY_LOCAL_MACHINE,SOFTWARE\Policies\Microsoft\WindowsFirewall\PublicProfile\Logging,LogDroppedPackets,Log blocked connections for Public profile,DWORD,1,false,true,https://learn.microsoft.com/en-us/windows/client-management/mdm/firewall-csp#mdmstorepublicprofileenablelogdroppedpackets
GroupPolicy,WindowsFirewall,HKEY_LOCAL_MACHINE,SOFTWARE\Policies\Microsoft\WindowsFirewall\PublicProfile\Logging,LogFilePath,Configure Log file path for Public profile,String,%systemroot%\system32\logfiles\firewall\publicfirewall.log,false,true,https://learn.microsoft.com/en-us/windows/client-management/mdm/firewall-csp#mdmstorepublicprofilelogfilepath
GroupPolicy,WindowsNetworking,HKEY_LOCAL_MACHINE,Software\Policies\Microsoft\Windows NT\DNSClient,EnableNetbios,Disable Netbios,DWORD,0,false,true,
GroupPolicy,WindowsNetworking,HKEY_LOCAL_MACHINE,Software\Policies\Microsoft\Windows NT\DNSClient,DisableSmartNameResolution,Disable Smart Name Resolution,DWORD,1,false,true,https://learn.microsoft.com/en-us/windows/client-management/mdm/policy-csp-admx-dnsclient#dns_smartmultihomednameresolution
GroupPolicy,WindowsNetworking,HKEY_LOCAL_MACHINE,Software\Policies\Microsoft\Windows NT\DNSClient,EnableMulticast,Disable Multicast,DWORD,0,false,true,https://learn.microsoft.com/en-us/windows/client-management/mdm/policy-csp-admx-dnsclient#turn_off_multicast
GroupPolicy,WindowsNetworking,HKEY_LOCAL_MACHINE,Software\Policies\Microsoft\Windows NT\Printers,DisableHTTPPrinting,Disable HTTP Printing,DWORD,1,false,true,https://learn.microsoft.com/en-us/windows/client-management/mdm/policy-csp-connectivity?WT.mc_id=Portal-fx#diableprintingoverhttp
GroupPolicy,WindowsNetworking,HKEY_LOCAL_MACHINE,Software\Policies\Microsoft\Windows NT\Printers,DisableWebPnPDownload,Disable Web PnP Download,DWORD,1,false,true,https://learn.microsoft.com/en-us/windows/client-management/mdm/policy-csp-admx-icm#disablewebpnpdownload_1
RegistryKeys,WindowsNetworking,HKEY_LOCAL_MACHINE,SYSTEM\CurrentControlSet\Services\NetBT\Parameters,EnableLMHOSTS,Disable LMHOSTS lookup protocol on all network adapters,DWORD,0,false,true,
GroupPolicy,WindowsNetworking,HKEY_LOCAL_MACHINE,Software\Policies\Microsoft\Windows\LanmanServer,EnableSMBQUIC,Enable SMB Server Over QUIC,DWORD,1,false,true,
GroupPolicy,WindowsNetworking,HKEY_LOCAL_MACHINE,Software\Policies\Microsoft\Windows\LanmanWorkstation,EnableSMBQUIC,Enable SMB Client Over QUIC,DWORD,1,false,true,
GroupPolicy,WindowsNetworking,HKEY_LOCAL_MACHINE,Software\Policies\Microsoft\Windows\LanmanServer,CipherSuiteOrder,SMB Server Cipher Suite Order,MULTI_STRING,"AES_256_GCM,AES_256_CCM,AES_128_GCM,AES_128_CCM",false,true,https://learn.microsoft.com/en-us/windows/client-management/mdm/policy-csp-admx-lanmanserver#pol_ciphersuiteorder
GroupPolicy,WindowsNetworking,HKEY_LOCAL_MACHINE,Software\Policies\Microsoft\Windows\LanmanWorkstation,CipherSuiteOrder,SMB Client Cipher Suite Order,MULTI_STRING,"AES_256_GCM,AES_256_CCM,AES_128_GCM,AES_128_CCM",false,true,https://learn.microsoft.com/en-us/windows/client-management/mdm/policy-csp-admx-lanmanworkstation#pol_ciphersuiteorder
GroupPolicy,WindowsNetworking,HKEY_LOCAL_MACHINE,Software\Policies\Microsoft\Windows\LanmanServer,MinSmb2Dialect,Sets the minimum SMB server version,DWORD,785,false,true,
GroupPolicy,WindowsNetworking,HKEY_LOCAL_MACHINE,Software\Policies\Microsoft\Windows\LanmanWorkstation,MinSmb2Dialect,Sets the minimum SMB client version,DWORD,785,false,true,
GroupPolicy,WindowsNetworking,HKEY_LOCAL_MACHINE,Software\Policies\Microsoft\Windows\LanmanWorkstation,BlockNTLM,Blocks NTLM for SMB,DWORD,1,false,true,
GroupPolicy,WindowsNetworking,HKEY_LOCAL_MACHINE,Software\Policies\Microsoft\Windows\LanmanWorkstation,RequireEncryption,Requires encryption for SMB client,DWORD,1,false,true,
GroupPolicy,WindowsNetworking,HKEY_LOCAL_MACHINE,Software\Policies\Microsoft\Windows NT\Rpc,EnableAuthEpResolution,Disable RPC Endpoint Mapper Client Authentication,DWORD,0,false,true,https://learn.microsoft.com/en-us/windows/client-management/mdm/policy-csp-remoteprocedurecall#rpcendpointmapperclientauthentication
RegistryKeys,WindowsNetworking,HKEY_LOCAL_MACHINE,SYSTEM\CurrentControlSet\Services\LanmanServer\Parameters,EncryptData,Enable SMB Server Encryption,DWORD,1,false,true,
GroupPolicy,MiscellaneousConfigurations,HKEY_LOCAL_MACHINE,Software\Microsoft\Windows\CurrentVersion\Policies\System\Audit,ProcessCreationIncludeCmdLine_Enabled,Include command line in process creation events,DWORD,1,false,true,https://learn.microsoft.com/en-us/windows/client-management/mdm/policy-csp-admx-auditsettings#includecmdline
GroupPolicy,MiscellaneousConfigurations,HKEY_LOCAL_MACHINE,Software\Policies\Microsoft\Windows\LocationAndSensors,DisableLocation,Disable Location,DWORD,1,false,true,https://learn.microsoft.com/en-us/windows/client-management/mdm/policy-csp-System?WT.mc_id=Portal-fx#allowlocation
GroupPolicy,MiscellaneousConfigurations,HKEY_LOCAL_MACHINE,Software\Policies\Microsoft\Windows\LocationAndSensors,DisableLocationScripting,Disable Location Scripting,DWORD,1,false,true,https://learn.microsoft.com/en-us/windows/client-management/mdm/policy-csp-admx-sensors#disablelocationscripting_2
GroupPolicy,MiscellaneousConfigurations,HKEY_LOCAL_MACHINE,Software\Policies\Microsoft\Windows\LocationAndSensors,DisableWindowsLocationProvider,Disable Windows Location Provider,DWORD,1,false,true,https://learn.microsoft.com/en-us/windows/client-management/mdm/policy-csp-admx-locationprovideradm#disablewindowslocationprovider_1
GroupPolicy,MiscellaneousConfigurations,HKEY_LOCAL_MACHINE,System\CurrentControlSet\Control\SCMConfig,EnableSvchostMitigationPolicy,Enable Svchost Mitigation,DWORD,1,false,true,https://learn.microsoft.com/en-us/windows/client-management/mdm/policy-csp-servicecontrolmanager#svchostprocessmitigation
GroupPolicy,MiscellaneousConfigurations,HKEY_LOCAL_MACHINE,System\CurrentControlSet\Policies\EarlyLaunch,DriverLoadPolicy,Boot-Start Driver Initialization Policy set to Good only,DWORD,8,false,true,https://learn.microsoft.com/en-us/windows/client-management/mdm/policy-csp-system#bootstartdriverinitialization
RegistryKeys,MiscellaneousConfigurations,HKEY_LOCAL_MACHINE,SOFTWARE\Microsoft\Windows Search,EnableFindMyFiles,Enable enhanced search in Window,DWORD,1,false,true,https://learn.microsoft.com/en-us/windows/client-management/mdm/policy-csp-search#allowfindmyfiles
RegistryKeys,MiscellaneousConfigurations,HKEY_LOCAL_MACHINE,SOFTWARE\WOW6432Node\Microsoft\EdgeUpdate\ClientStateMedium\{56EB18F8-B008-4CBD-B6D2-8C97FE7E9062},allowautoupdatesmetered,Set Microsoft Edge (Stable) to update over Metered connections,DWORD,1,false,true,
RegistryKeys,MiscellaneousConfigurations,HKEY_LOCAL_MACHINE,SOFTWARE\WOW6432Node\Microsoft\EdgeUpdate\ClientStateMedium\{2CD8A007-E189-409D-A2C8-9AF4EF3C72AA},allowautoupdatesmetered,Set Microsoft Edge (Beta) to update over Metered connections,DWORD,1,false,true,
RegistryKeys,MiscellaneousConfigurations,HKEY_LOCAL_MACHINE,SOFTWARE\WOW6432Node\Microsoft\EdgeUpdate\ClientStateMedium\{0D50BFEC-CD6A-4F9A-964C-C7416E3ACB10},allowautoupdatesmetered,Set Microsoft Edge (Dev) to update over Metered connections,DWORD,1,false,true,
RegistryKeys,MiscellaneousConfigurations,HKEY_LOCAL_MACHINE,Software\Microsoft\Cryptography\Wintrust\Config,EnableCertPaddingCheck,WinVerifyTrust Signature Validation part 1,String,1,false,true,
RegistryKeys,MiscellaneousConfigurations,HKEY_LOCAL_MACHINE,Software\Wow6432Node\Microsoft\Cryptography\Wintrust\Config,EnableCertPaddingCheck,WinVerifyTrust Signature Validation part 2,String,1,false,true,
GroupPolicy,MiscellaneousConfigurations,HKEY_LOCAL_MACHINE,Software\Microsoft\Windows\CurrentVersion\Policies\System\Kerberos\Parameters,EnableCbacAndArmor,Request claims and compound authentication for DAC and Kerberos armoring,DWORD,1,false,true,https://learn.microsoft.com/en-us/windows/client-management/mdm/policy-csp-kerberos#kerberosclientsupportsclaimscompoundarmor
GroupPolicy,MiscellaneousConfigurations,HKEY_LOCAL_MACHINE,Software\Policies\Microsoft\Windows NT\Printers\WPP,WindowsProtectedPrintGroupPolicyState,Enable Windows Protected Print,DWORD,1,false,true,https://learn.microsoft.com/en-us/windows/client-management/mdm/policy-csp-printers#configurewindowsprotectedprint
GroupPolicy,MiscellaneousConfigurations,HKEY_LOCAL_MACHINE,SYSTEM\CurrentControlSet\Control\FileSystem,LongPathsEnabled,Enable support for long paths,DWORD,1,false,true,https://learn.microsoft.com/en-us/windows/win32/fileio/maximum-file-path-limitation
GroupPolicy,WindowsUpdateConfigurations,HKEY_LOCAL_MACHINE,Software\Policies\Microsoft\Windows\WindowsUpdate,AllowAutoWindowsUpdateDownloadOverMeteredNetwork,Allow updates to be downloaded automatically over metered connections,DWORD,1,false,true,https://learn.microsoft.com/en-us/windows/client-management/mdm/policy-csp-update#allowautowindowsupdatedownloadovermeterednetwork
GroupPolicy,WindowsUpdateConfigurations,HKEY_LOCAL_MACHINE,Software\Policies\Microsoft\Windows\WindowsUpdate,AllowTemporaryEnterpriseFeatureControl,Enable features introduced via servicing that are off by default,DWORD,1,false,true,https://learn.microsoft.com/en-us/windows/client-management/mdm/policy-csp-update#allowtemporaryenterprisefeaturecontrol
GroupPolicy,WindowsUpdateConfigurations,HKEY_LOCAL_MACHINE,Software\Policies\Microsoft\Windows\WindowsUpdate,ConfigureDeadlineNoAutoRebootForFeatureUpdates,Specify the number of days before feature updates are installed on devices automatically,DWORD,1,false,true,https://learn.microsoft.com/en-us/windows/client-management/mdm/policy-csp-update#configuredeadlinenoautorebootforfeatureupdates
GroupPolicy,WindowsUpdateConfigurations,HKEY_LOCAL_MACHINE,Software\Policies\Microsoft\Windows\WindowsUpdate,ConfigureDeadlineNoAutoRebootForQualityUpdates,Specify the number of days before quality updates are installed on devices automatically,DWORD,1,false,true,https://learn.microsoft.com/en-us/windows/client-management/mdm/policy-csp-update#configuredeadlinenoautorebootforqualityupdates
GroupPolicy,WindowsUpdateConfigurations,HKEY_LOCAL_MACHINE,Software\Policies\Microsoft\Windows\WindowsUpdate,ConfigureDeadlineForQualityUpdates,Number of days before quality updates are installed on devices automatically,DWORD,0,false,true,https://learn.microsoft.com/en-us/windows/client-management/mdm/policy-csp-update#configuredeadlineforqualityupdates
GroupPolicy,WindowsUpdateConfigurations,HKEY_LOCAL_MACHINE,Software\Policies\Microsoft\Windows\WindowsUpdate,ConfigureDeadlineGracePeriod,Number of grace period days before quality updates are installed on devices automatically,DWORD,1,false,true,https://learn.microsoft.com/en-us/windows/client-management/mdm/policy-csp-update#configuredeadlinegraceperiod
GroupPolicy,WindowsUpdateConfigurations,HKEY_LOCAL_MACHINE,Software\Policies\Microsoft\Windows\WindowsUpdate,ConfigureDeadlineForFeatureUpdates,Number of days before feature updates are installed on devices automatically,DWORD,0,false,true,https://learn.microsoft.com/en-us/windows/client-management/mdm/policy-csp-update#configuredeadlineforfeatureupdates
GroupPolicy,WindowsUpdateConfigurations,HKEY_LOCAL_MACHINE,Software\Policies\Microsoft\Windows\WindowsUpdate,ConfigureDeadlineGracePeriodForFeatureUpdates,Number of grace period days before feature updates are installed on devices automatically,DWORD,1,false,true,https://learn.microsoft.com/en-us/windows/client-management/mdm/policy-csp-update#configuredeadlinegraceperiodforfeatureupdates
GroupPolicy,WindowsUpdateConfigurations,HKEY_LOCAL_MACHINE,Software\Policies\Microsoft\Windows\WindowsUpdate\AU,NoAutoUpdate,Set the computer to receive security updates and other important downloads through Windows update,DWORD,0,false,true,
GroupPolicy,WindowsUpdateConfigurations,HKEY_LOCAL_MACHINE,Software\Policies\Microsoft\Windows\WindowsUpdate\AU,AUOptions,Automatically download updates and install them on maintenance day,DWORD,4,false,true,https://learn.microsoft.com/en-us/windows/client-management/mdm/policy-csp-update#allowautoupdate
GroupPolicy,WindowsUpdateConfigurations,HKEY_LOCAL_MACHINE,Software\Policies\Microsoft\Windows\WindowsUpdate\AU,AutomaticMaintenanceEnabled,Install updates during automatic maintenance,DWORD,1,false,true,
GroupPolicy,WindowsUpdateConfigurations,HKEY_LOCAL_MACHINE,Software\Policies\Microsoft\Windows\WindowsUpdate\AU,ScheduledInstallDay,Set scheduled install day to every day,DWORD,0,false,true,https://learn.microsoft.com/en-us/windows/client-management/mdm/policy-csp-update#scheduledinstallday
GroupPolicy,WindowsUpdateConfigurations,HKEY_LOCAL_MACHINE,Software\Policies\Microsoft\Windows\WindowsUpdate\AU,ScheduledInstallTime,Set scheduled install time to any time,DWORD,24,false,true,https://learn.microsoft.com/en-us/windows/client-management/mdm/policy-csp-update#scheduledinstalltime
GroupPolicy,WindowsUpdateConfigurations,HKEY_LOCAL_MACHINE,Software\Policies\Microsoft\Windows\WindowsUpdate\AU,AllowMUUpdateService,Install updates for other Microsoft products,DWORD,1,false,true,https://learn.microsoft.com/en-us/windows/client-management/mdm/policy-csp-Update?WT.mc_id=Portal-fx#allowmuupdateservice
RegistryKeys,WindowsUpdateConfigurations,HKEY_LOCAL_MACHINE,SOFTWARE\Microsoft\WindowsUpdate\UX\Settings,RestartNotificationsAllowed2,Enable restart notification for Windows update,DWORD,1,false,true,
RegistryKeys,EdgeBrowserConfigurations,HKEY_LOCAL_MACHINE,SOFTWARE\Policies\Microsoft\Edge\Recommended,BlockThirdPartyCookies,Block 3rd party cookies,DWORD,1,false,true,https://learn.microsoft.com/en-us/deployedge/configure-edge-with-mdm
RegistryKeys,EdgeBrowserConfigurations,HKEY_LOCAL_MACHINE,SOFTWARE\Policies\Microsoft\Edge,DnsOverHttpsMode,Set Dns Over Https Mode to use system DoH settings,String,automatic,false,true,https://learn.microsoft.com/en-us/deployedge/configure-edge-with-mdm
RegistryKeys,EdgeBrowserConfigurations,HKEY_LOCAL_MACHINE,SOFTWARE\Policies\Microsoft\Edge,EncryptedClientHelloEnabled,Enable Encrypted Client Hello,DWORD,1,false,true,https://learn.microsoft.com/en-us/deployedge/configure-edge-with-mdm
RegistryKeys,EdgeBrowserConfigurations,HKEY_LOCAL_MACHINE,SOFTWARE\Policies\Microsoft\Edge,BasicAuthOverHttpEnabled,Block Basic authentication for HTTP,DWORD,0,false,true,https://learn.microsoft.com/en-us/deployedge/configure-edge-with-mdm
RegistryKeys,EdgeBrowserConfigurations,HKEY_LOCAL_MACHINE,SOFTWARE\Policies\Microsoft\Edge,ExperimentationAndConfigurationServiceControl,Allow Edge to receive new features even after using policies,DWORD,2,false,true,https://learn.microsoft.com/en-us/deployedge/configure-edge-with-mdm
RegistryKeys,EdgeBrowserConfigurations,HKEY_LOCAL_MACHINE,SOFTWARE\Policies\Microsoft\Edge,AudioSandboxEnabled,Enforces the audio process to run sandboxed,DWORD,1,false,true,https://learn.microsoft.com/en-us/deployedge/configure-edge-with-mdm
RegistryKeys,EdgeBrowserConfigurations,HKEY_LOCAL_MACHINE,SOFTWARE\Policies\Microsoft\Edge\Recommended,DefaultShareAdditionalOSRegionSetting,Recommends that the share additional operating system region setting to be set to never,DWORD,2,false,true,https://learn.microsoft.com/en-us/deployedge/configure-edge-with-mdm
RegistryKeys,EdgeBrowserConfigurations,HKEY_LOCAL_MACHINE,SOFTWARE\Policies\Microsoft\Edge\TLSCipherSuiteDenyList,1,Disable TLS_ECDHE_RSA_WITH_AES_128_CBC_SHA - (CBC - SHA1),String,0xc013,false,true,https://learn.microsoft.com/en-us/deployedge/configure-edge-with-mdm
RegistryKeys,EdgeBrowserConfigurations,HKEY_LOCAL_MACHINE,SOFTWARE\Policies\Microsoft\Edge\TLSCipherSuiteDenyList,2,Disable TLS_ECDHE_RSA_WITH_AES_256_CBC_SHA - (CBC - SHA1),String,0xc014,false,true,https://learn.microsoft.com/en-us/deployedge/configure-edge-with-mdm
RegistryKeys,EdgeBrowserConfigurations,HKEY_LOCAL_MACHINE,SOFTWARE\Policies\Microsoft\Edge\TLSCipherSuiteDenyList,3,Disable TLS_RSA_WITH_AES_256_CBC_SHA - (NO PFS - CBC - SHA1),String,0x0035,false,true,https://learn.microsoft.com/en-us/deployedge/configure-edge-with-mdm
RegistryKeys,EdgeBrowserConfigurations,HKEY_LOCAL_MACHINE,SOFTWARE\Policies\Microsoft\Edge\TLSCipherSuiteDenyList,4,Disable TLS_RSA_WITH_AES_128_CBC_SHA - (NO PFS - CBC - SHA1),String,0x002f,false,true,https://learn.microsoft.com/en-us/deployedge/configure-edge-with-mdm
RegistryKeys,EdgeBrowserConfigurations,HKEY_LOCAL_MACHINE,SOFTWARE\Policies\Microsoft\Edge\TLSCipherSuiteDenyList,5,Disable TLS_RSA_WITH_AES_128_GCM_SHA256 - (NO PFS),String,0x009c,false,true,https://learn.microsoft.com/en-us/deployedge/configure-edge-with-mdm
RegistryKeys,EdgeBrowserConfigurations,HKEY_LOCAL_MACHINE,SOFTWARE\Policies\Microsoft\Edge\TLSCipherSuiteDenyList,6,Disable TLS_RSA_WITH_AES_256_GCM_SHA384 - (NO PFS),String,0x009d,false,true,https://learn.microsoft.com/en-us/deployedge/configure-edge-with-mdm
RegistryKeys,EdgeBrowserConfigurations,HKEY_LOCAL_MACHINE,SOFTWARE\Policies\Microsoft\Edge,ExtensionManifestV2Availability,Never disable Manifest V2 extension support,DWORD,2,false,true,https://learn.microsoft.com/en-us/DeployEdge/microsoft-edge-policies#extensionmanifestv2availability
RegistryKeys,EdgeBrowserConfigurations,HKEY_LOCAL_MACHINE,SOFTWARE\Policies\Microsoft\Edge,DefaultWebUsbGuardSetting,Never let websites ask to access local USB connected devices,DWORD,2,false,true,https://learn.microsoft.com/en-us/DeployEdge/microsoft-edge-policies#defaultwebusbguardsetting
RegistryKeys,EdgeBrowserConfigurations,HKEY_LOCAL_MACHINE,SOFTWARE\Policies\Microsoft\Edge,DefaultWindowManagementSetting,Denies the Window Management permission on all sites by default,DWORD,2,false,true,https://learn.microsoft.com/en-us/DeployEdge/microsoft-edge-policies#defaultwindowmanagementsetting
RegistryKeys,EdgeBrowserConfigurations,HKEY_LOCAL_MACHINE,SOFTWARE\Policies\Microsoft\Edge,DynamicCodeSettings,Prevent the browser process from creating dynamic code,DWORD,1,false,true,https://learn.microsoft.com/en-us/DeployEdge/microsoft-edge-policies#dynamiccodesettings
RegistryKeys,NonAdminCommands,HKEY_CURRENT_USER,Software\Microsoft\Windows\CurrentVersion\Explorer\Advanced,HideFileExt,Show File extensions,DWORD,0,false,true,
RegistryKeys,NonAdminCommands,HKEY_CURRENT_USER,Software\Microsoft\Windows\CurrentVersion\Explorer\Advanced,Hidden,Show hidden files,DWORD,1,false,true,
RegistryKeys,NonAdminCommands,HKEY_CURRENT_USER,Control Panel\International\User Profile,HttpAcceptLanguageOptOut,Disable websites accessing local language list,DWORD,1,false,true,
RegistryKeys,NonAdminCommands,HKEY_CURRENT_USER,SOFTWARE\Microsoft\Windows\CurrentVersion\SearchSettings,SafeSearchMode,Turn off safe search in Windows search,DWORD,0,false,true,
RegistryKeys,NonAdminCommands,HKEY_CURRENT_USER,Software\Microsoft\Clipboard,EnableClipboardHistory,Enable Clipboard History,DWORD,1,false,true,
RegistryKeys,NonAdminCommands,HKEY_CURRENT_USER,Software\Microsoft\Input\Settings,EnableHwkbTextPrediction,Turn on Show text suggestions when typing on the physical keyboard,DWORD,1,false,true,
RegistryKeys,NonAdminCommands,HKEY_CURRENT_USER,Software\Microsoft\Input\Settings,MultilingualEnabled,Turn on Multilingual text suggestions,DWORD,1,false,true,
RegistryKeys,NonAdminCommands,HKEY_CURRENT_USER,Control Panel\Accessibility\StickyKeys,Flags,Turn off sticky key shortcut of pressing shift key 5 time fast,String,506,false,true,
RegistryKeys,NonAdminCommands,HKEY_CURRENT_USER,Software\Microsoft\Windows\CurrentVersion\Notifications\Settings,NOC_GLOBAL_SETTING_ALLOW_CRITICAL_TOASTS_ABOVE_LOCK,Disables show reminders and incoming VoIP calls on the lock screen,DWORD,0,false,true,